Biến,MAE,RMSE,MAE (Baseline),RMSE (Baseline)
PS,0.2837581,0.36288986,0.18182431,0.22983322
T2M,3.1665065,4.165608,2.7757084,3.1443548
QV2M,1.6127129,2.0228758,1.1080515,1.3801826
WS10M,1.5021013,1.8443718,1.1465452,1.4099838
PRECTOTCORR,3.6950228,5.345674,2.0389762,4.88422
